{
  "width": 798,
  "height": 263,
  "cx": [
    [ "CORRESPOND", 55 ],
    [ "QUESTIONS", 175 ],
    [ "SE_TROUVE", 294 ],
    [ "CATEGORIES", 415 ],
    [ "CONTIENT", 530 ],
    [ "OPTIONS", 640 ],
    [ "EST_DANS", 753 ],
    [ "REPONSES", 55 ],
    [ "A_PLUSIEUR", 175 ],
    [ "OCCURENCES", 294 ],
    [ "AVOIR", 415 ],
    [ "SCORES", 530 ],
    [ "POSSEDE", 640 ],
    [ "USERS", 753 ]
  ],
  "cy": [
    [ "CORRESPOND", 60 ],
    [ "QUESTIONS", 60 ],
    [ "SE_TROUVE", 60 ],
    [ "CATEGORIES", 60 ],
    [ "CONTIENT", 60 ],
    [ "OPTIONS", 60 ],
    [ "EST_DANS", 60 ],
    [ "REPONSES", 195 ],
    [ "A_PLUSIEUR", 195 ],
    [ "OCCURENCES", 195 ],
    [ "AVOIR", 195 ],
    [ "SCORES", 195 ],
    [ "POSSEDE", 195 ],
    [ "USERS", 195 ]
  ],
  "shift": [
    [ "CORRESPOND,REPONSES,0", 0 ],
    [ "CORRESPOND,QUESTIONS,0", 0 ],
    [ "SE_TROUVE,CATEGORIES,0", 0 ],
    [ "SE_TROUVE,QUESTIONS,0", 0 ],
    [ "CONTIENT,CATEGORIES,0", 0 ],
    [ "CONTIENT,OPTIONS,0", 0 ],
    [ "EST_DANS,USERS,0", 0 ],
    [ "EST_DANS,OPTIONS,0", 0 ],
    [ "A_PLUSIEUR,OCCURENCES,0", 0 ],
    [ "A_PLUSIEUR,QUESTIONS,0", 0 ],
    [ "AVOIR,CATEGORIES,0", 0 ],
    [ "AVOIR,SCORES,0", 0 ],
    [ "POSSEDE,USERS,0", 0 ],
    [ "POSSEDE,SCORES,0", 0 ]
  ],
  "ratio": []
}
